course_id,video_id
1,1
1,2
1,3
1,4
1,5
1,6
1,7
1,8
1,9
1,10
1,11
1,12
1,13
1,14
1,15
1,16
1,17
1,18
1,19
1,20
1,21
1,22
1,23
1,24
1,25
1,26
1,27
1,28
1,29
1,30
1,31
1,32
1,33
1,34
1,35
1,36
1,37
1,38
1,39
1,40
1,41
1,42
1,43
1,44
1,45
1,46
1,47
1,48
1,49
1,50
1,51
1,52
1,53
1,54
1,55
1,56
1,57
1,58
1,59
1,60
1,61
1,62
1,63
1,64
1,65
1,66
1,67
1,68
2,69
2,70
2,71
2,72
2,73
2,74
2,75
2,76
2,77
2,78
2,79
2,80
2,81
2,82
2,83
2,84
2,85
2,86
2,87
2,88
2,89
2,90
2,91
2,92
2,93
2,94
2,95
2,96
2,97
2,98
2,99
2,100
2,101
2,102
2,103
2,104
2,105
2,106
2,107
2,108
2,109
2,110
2,111
2,112
2,113
2,114
2,115
2,116
2,117
2,118
2,119
2,120
2,121
2,122
2,123
2,124
2,125
2,126
2,127
2,128
2,129
2,130
2,131
2,132
2,133
2,134
2,135
2,136
2,137
2,138
2,139
2,140
2,141
2,142
2,143
2,144
2,145
2,146
2,147
2,148
2,149
3,150
3,151
3,152
3,153
3,154
3,155
3,156
3,157
3,158
3,159
3,160
3,161
3,162
3,163
3,164
3,165
3,166
3,167
3,168
3,169
3,170
3,171
3,172
3,173
3,174
3,175
3,176
3,177
3,178
3,179
3,180
3,181
3,182
3,183
3,184
3,185
3,186
3,187
3,188
3,189
3,190
3,191
3,192
3,193
3,194
3,195
3,196
3,197
3,198
3,199
3,200
3,201
3,202
3,203
3,204
3,205
3,206
3,207
3,208
3,209
3,210
3,211
3,212
3,213
3,214
3,215
3,216
3,217
3,218
3,219
3,220
3,221
3,222
3,223
3,224
3,225
3,226
3,227
3,228
3,229
3,230
3,231
3,232
3,233
3,234
3,235
3,236
3,237
3,238
3,239
3,240
3,241
3,242
3,243
3,244
3,245
3,246
3,247
3,248
3,249
3,250
3,251
3,252
4,253
4,254
4,255
4,256
4,257
4,258
4,259
4,260
4,261
4,262
4,263
4,264
4,265
4,266
4,267
4,268
4,269
4,270
4,271
4,272
4,273
4,274
4,275
4,276
4,277
4,278
4,279
4,280
4,281
4,282
4,283
4,284
4,285
4,286
4,287
4,288
4,289
4,290
4,291
4,292
4,293
4,294
4,295
4,296
4,297
4,298
4,299
4,300
4,301
4,302
4,303
4,304
4,305
4,306
4,307
4,308
4,309
4,310
4,311
4,312
4,313
4,314
4,315
4,316
4,317
4,318
4,319
4,320
4,321
4,322
4,323
4,324
4,325
4,326
4,327
4,328
4,329
4,330
4,331
4,332
4,333
4,334
4,335
4,336
4,337
4,338
4,339
4,340
4,341
4,342
4,343
4,344
4,345
4,346
4,347
4,348
4,349
4,350
4,351
4,352
4,353
4,354
4,355
4,356
4,357
4,358
4,359
4,360
4,361
4,362
4,363
4,364
4,365
4,366
4,367
4,368
4,369
4,370
4,371
4,372
4,373
4,374
4,375
4,376
4,377
4,378
4,379
4,380
4,381
4,382
4,383
4,384
4,385
4,386
4,387
4,388
4,389
4,390
4,391
4,392
4,393
4,394
4,395
4,396
4,397
4,398
4,399
4,400
4,401
4,402
4,403
4,404
4,405
4,406
4,407
4,408
4,409
4,410
4,411
4,412
4,413
4,414
4,415
4,416
4,417
4,418
4,419
4,420
4,421
4,422
4,423
4,424
4,425
4,426
4,427
4,428
4,429
4,430
4,431
4,432
4,433
4,434
4,435
4,436
4,437
4,438
4,439
4,440
4,441
4,442
4,443
4,444
4,445
4,446
4,447
4,448
4,449
4,450
4,451
4,452
4,453
4,454
4,455
4,456
4,457
4,458
4,459
4,460
4,461
4,462
4,463
4,464
4,465
4,466
4,467
4,468
4,469
4,470
4,471
4,472
4,473
4,474
4,475
4,476
4,477
4,478
4,479
4,480
4,481
4,482
5,483
5,484
5,485
5,486
5,487
5,488
5,489
5,490
5,491
5,492
5,493
5,494
5,495
5,496
5,497
5,498
5,499
5,500
5,501
5,502
5,503
5,504
5,505
5,506
5,507
5,508
5,509
5,510
5,511
5,512
5,513
5,514
5,515
5,516
5,517
5,518
5,519
5,520
5,521
5,522
5,523
5,524
5,525
5,526
5,527
5,528
5,529
5,530
5,531
5,532
5,533
5,534
5,535
5,536
5,537
5,538
5,539
5,540
5,541
5,542
5,543
5,544
5,545
5,546
5,547
5,548
5,549
5,550
5,551
5,552
5,553
5,554
5,555
5,556
5,557
5,558
6,559
6,560
6,561
6,562
6,563
6,564
6,565
6,566
6,567
6,568
6,569
6,570
6,571
6,572
6,573
6,574
6,575
6,576
6,577
6,578
6,579
6,580
6,581
6,582
6,583
6,584
6,585
6,586
6,587
6,588
6,589
6,590
6,591
6,592
6,593
6,594
6,595
6,596
6,597
6,598
6,599
6,600
6,601
6,602
6,603
6,604
6,605
6,606
6,607
6,608
6,609
6,610
6,611
6,612
6,613
6,614
6,615
6,616
6,617
6,618
6,619
6,620
6,621
6,622
6,623
6,624
6,625
6,626
6,627
6,628
6,629
6,630
6,631
6,632
6,633
6,634
6,635
6,636
6,637
6,638
6,639
6,640
6,641
7,642
7,643
7,644
7,645
7,646
7,647
7,648
7,649
7,650
7,651
7,652
7,653
7,654
7,655
7,656
7,657
7,658
7,659
7,660
8,661
8,662
8,663
8,664
8,665
8,666
8,667
8,668
8,669
8,670
8,671
8,672
8,673
8,674
8,675
8,676
8,677
8,678
8,679
8,680
8,681
8,682
8,683
8,684
8,685
8,686
8,687
8,688
8,689
8,690
8,691
8,692
8,693
8,694
8,695
8,696
8,697
8,698
8,699
8,700
8,701
8,702
8,703
8,704
8,705
8,706
8,707
8,708
8,709
8,710
8,711
8,712
8,713
8,714
8,715
8,716
8,717
8,718
8,719
8,720
8,721
8,722
8,723
8,724
8,725
8,726
8,727
8,728
8,729
8,730
8,731
8,732
8,733
8,734
8,735
8,736
8,737
8,738
8,739
8,740
8,741
8,742
8,743
8,744
8,745
8,746
8,747
8,748
8,749
8,750
8,751
8,752
8,753
8,754
8,755
8,756
8,757
8,758
8,759
8,760
8,761
8,762
8,763
8,764
8,765
8,766
8,767
8,768
8,769
8,770
8,771
8,772
8,773
8,774
8,775
8,776
8,777
8,778
8,779
8,780
8,781
8,782
8,783
8,784
8,785
8,786
8,787
8,788
8,789
8,790
8,791
8,792
8,793
8,794
8,795
8,796
8,797
8,798
8,799
8,800
8,801
8,802
8,803
8,804
8,805
8,806
8,807
8,808
8,809
8,810
8,811
8,812
8,813
8,814
8,815
8,816
8,817
8,818
8,819
8,820
8,821
8,822
8,823
8,824
8,825
8,826
8,827
8,828
8,829
8,830
8,831
8,832
8,833
8,834
8,835
8,836
8,837
8,838
8,839
8,840
8,841
8,842
8,843
8,844
8,845
8,846
8,847
8,848
8,849
8,850
8,851
8,852
8,853
8,854
8,855
8,856
8,857
8,858
8,859
8,860
8,861
8,862
8,863
8,864
8,865
8,866
8,867
8,868
8,869
8,870
8,871
8,872
8,873
8,874
8,875
8,876
8,877
8,878
8,879
8,880
8,881
8,882
8,883
8,884
8,885
8,886
8,887
8,888
8,889
8,890
8,891
8,892
8,893
8,894
8,895
8,896
8,897
8,898
8,899
8,900
8,901
8,902
8,903
8,904
8,905
8,906
8,907
8,908
8,909
8,910
8,911
8,912
8,913
8,914
8,915
8,916
8,917
8,918
8,919
8,920
8,921
8,922
8,923
8,924
8,925
8,926
8,927
8,928
9,929
9,930
9,931
9,932
9,933
9,934
9,935
9,936
9,937
9,938
9,939
9,940
9,941
9,942
9,943
9,944
9,945
9,946
9,947
9,948
9,949
9,950
9,951
9,952
9,953
9,954
9,955
9,956
9,957
9,958
9,959
9,960
9,961
9,962
9,963
9,964
9,965
9,966
9,967
9,968
9,969
9,970
9,971
9,972
9,973
9,974
9,975
9,976
9,977
9,978
9,979
9,980
9,981
9,982
9,983
9,984
9,985
9,986
9,987
9,988
9,989
9,990
9,991
9,992
9,993
9,994
9,995
9,996
9,997
9,998
9,999
9,1000
9,1001
9,1002
9,1003
9,1004
9,1005
9,1006
9,1007
9,1008
9,1009
9,1010
9,1011
9,1012
9,1013
9,1014
9,1015
9,1016
9,1017
9,1018
9,1019
9,1020
9,1021
9,1022
9,1023
9,1024
9,1025
9,1026
9,1027
9,1028
9,1029
9,1030
9,1031
9,1032
9,1033
9,1034
9,1035
9,1036
9,1037
9,1038
9,1039
9,1040
9,1041
9,1042
9,1043
9,1044
9,1045
9,1046
9,1047
9,1048
9,1049
9,1050
10,1051
10,1052
10,1053
10,1054
10,1055
10,1056
10,1057
10,1058
10,1059
10,1060
10,1061
10,1062
10,1063
10,1064
10,1065
10,1066
10,1067
10,1068
10,1069
10,1070
10,1071
10,1072
10,1073
10,1074
10,1075
10,1076
10,1077
10,1078
10,1079
10,1080
10,1081
10,1082
10,1083
10,1084
10,1085
10,1086
10,1087
10,1088
10,1089
10,1090
10,1091
10,1092
10,1093
10,1094
10,1095
10,1096
10,1097
10,1098
10,1099
10,1100
10,1101
10,1102
10,1103
10,1104
10,1105
10,1106
10,1107
10,1108
10,1109
10,1110
10,1111
10,1112
10,1113
10,1114
10,1115
10,1116
10,1117
10,1118
10,1119
10,1120
11,1121
11,1122
11,1123
11,1124
11,1125
11,1126
11,1127
11,1128
11,1129
11,1130
11,1131
11,1132
11,1133
11,1134
11,1135
11,1136
11,1137
11,1138
11,1139
11,1140
11,1141
11,1142
11,1143
11,1144
11,1145
11,1146
11,1147
11,1148
11,1149
11,1150
11,1151
11,1152
11,1153
11,1154
11,1155
11,1156
11,1157
11,1158
11,1159
11,1160
11,1161
11,1162
11,1163
11,1164
11,1165
11,1166
11,1167
11,1168
11,1169
11,1170
11,1171
11,1172
11,1173
11,1174
11,1175
11,1176
11,1177
11,1178
11,1179
11,1180
11,1181
11,1182
11,1183
11,1184
11,1185
11,1186
11,1187
11,1188
11,1189
11,1190
11,1191
11,1192
11,1193
11,1194
11,1195
11,1196
12,1197
12,1198
12,1199
12,1200
12,1201
12,1202
12,1203
12,1204
12,1205
12,1206
12,1207
12,1208
12,1209
12,1210
12,1211
12,1212
12,1213
12,1214
12,1215
12,1216
12,1217
12,1218
12,1219
12,1220
12,1221
12,1222
12,1223
12,1224
12,1225
12,1226
12,1227
12,1228
12,1229
12,1230
12,1231
12,1232
12,1233
12,1234
12,1235
12,1236
12,1237
12,1238
12,1239
12,1240
12,1241
12,1242
12,1243
12,1244
12,1245
12,1246
12,1247
12,1248
12,1249
13,1250
13,1251
13,1252
13,1253
13,1254
13,1255
13,1256
13,1257
13,1258
13,1259
13,1260
13,1261
13,1262
13,1263
14,1250
14,1251
14,1264
14,1265
14,1252
14,1253
14,1258
14,1260
14,1256
14,1266
14,1259
14,1254
14,1267
14,1255
14,1268
14,1263
14,1257
14,1261
14,1262
14,1269
14,1270
15,1271
15,1272
15,1273
15,1274
15,1275
15,1276
15,1277
15,1278
15,1279
15,1280
15,1281
15,1282
15,1283
15,1284
15,1285
15,1286
15,1287
15,1288
15,1289
15,1290
15,1291
15,1292
15,1293
15,1294
15,1295
15,1296
15,1297
15,1298
15,1299
15,1300
15,1301
15,1302
15,1303
15,1304
15,1305
15,1306
15,1307
15,1308
15,1309
15,1310
15,1311
15,1312
15,1313
15,1314
15,1315
16,1316
16,1317
16,1318
16,1319
16,1320
16,1321
16,1322
16,1323
16,1324
16,1325
16,1326
16,1327
16,1328
17,1329
17,1330
17,1331
17,1332
17,1333
17,1334
17,1335
17,1336
17,1337
17,1338
17,1339
17,1340
17,1341
17,1342
17,1343
17,1344
17,1345
17,1346
17,1347
17,1348
17,1349
17,1350
17,1351
17,1352
17,1353
17,1354
17,1355
17,1356
17,1357
17,1358
17,1359
17,1360
17,1361
17,1362
17,1363
17,1364
17,1365
17,1366
17,1367
17,1368
17,1369
17,1370
17,1371
17,1372
17,1373
17,1374
17,1375
17,1376
17,1377
17,1378
17,1379
17,1380
17,1381
17,1382
17,1383
17,1384
17,1385
17,1386
17,1387
17,1388
17,1389
17,1390
17,1391
17,1392
17,1393
17,1394
18,1395
18,1396
18,1397
18,1398
18,1399
18,1400
18,1401
18,1402
18,1403
18,1404
18,1405
18,1406
18,1407
18,1408
18,1409
18,1410
18,1411
18,1412
18,1413
18,1414
18,1415
18,1416
18,1417
18,1418
18,1419
18,1420
18,1421
18,1422
18,1423
18,1424
18,1425
18,1426
18,1427
18,1428
18,1429
18,1430
18,1431
18,1432
18,1433
18,1434
18,1435
18,1436
18,1437
18,1438
18,1439
18,1440
18,1441
18,1442
18,1443
18,1444
18,1445
18,1446
18,1447
18,1448
18,1449
18,1450
18,1451
18,1452
18,1453
18,1454
18,1455
18,1456
18,1457
18,1458
18,1459
18,1460
18,1461
18,1462
18,1463
18,1464
18,1465
18,1466
18,1467
18,1468
18,1469
18,1470
18,1471
19,1472
19,1473
19,1474
19,1475
19,1476
19,1477
19,1478
19,1479
19,1480
20,1481
20,1482
20,1483
20,1484
20,1485
20,1486
20,1487
20,1488
20,1489
20,1490
20,1491
20,1492
20,1493
20,1494
20,1495
20,1496
20,1497
20,1498
20,1499
20,1500
20,1501
20,1502
20,1503
20,1504
20,1505
20,1506
20,1507
20,1508
21,1509
21,1510
21,1511
21,1512
21,1513
21,1514
21,1515
22,1516
23,1517
23,1518
23,1519
23,1520
23,1521
23,1522
23,1523
23,1524
23,1525
23,1526
23,1527
23,1528
23,1529
23,1530
23,1531
23,1532
23,1533
23,1534
23,1535
23,1536
23,1537
23,1538
23,1539
23,1540
23,1541
23,1542
23,1543
23,1544
23,1545
23,1546
23,1547
23,1548
23,1549
23,1550
23,1551
23,1552
23,1553
23,1554
23,1555
23,1556
23,1557
23,1558
23,1559
23,1560
23,1561
23,1562
23,1563
23,1564
23,1565
23,1566
23,1567
23,1568
23,1569
23,1570
23,1571
24,1572
24,1573
24,1574
24,1575
24,1576
24,1577
24,1578
24,1579
24,1580
24,1581
25,1582
25,1583
25,1584
25,1585
25,1586
25,1587
25,1588
25,1589
25,1590
25,1591
25,1592
25,1593
25,1594
25,1595
25,1596
25,1597
25,1598
25,1599
25,1600
25,1601
25,1602
25,1603
25,1604
25,1605
25,1606
25,1607
25,1608
25,1609
25,1610
25,1611
25,1612
25,1613
25,1614
25,1615
25,1616
25,1617
25,1618
25,1619
25,1620
25,1621
25,1622
25,1623
25,1624
25,1625
25,1626
25,1627
25,1628
25,1629
26,1630
26,1631
26,1632
26,1633
26,1634
26,1635
26,1636
26,1637
26,1638
26,1639
26,1640
26,1641
26,1642
26,1643
26,1644
26,1645
26,1646
26,1647
26,1648
26,1649
26,1650
26,1651
26,1652
26,1653
26,1654
26,1655
26,1656
26,1657
26,1658
26,1659
26,1660
26,1661
26,1662
26,1663
26,1664
26,1665
26,1666
26,1667
26,1668
26,1669
26,1670
26,1671
26,1672
26,1673
26,1674
26,1675
26,1676
26,1677
26,1678
26,1679
26,1680
26,1681
26,1682
26,1683
26,1684
26,1685
26,1686
26,1687
26,1688
26,1689
26,1690
27,1691
27,1692
27,1693
27,1694
27,1695
27,1696
27,1697
27,1698
27,1699
27,1700
27,1701
27,1702
27,1703
27,1704
27,1705
27,1706
27,1707
27,1708
27,1709
27,1710
27,1711
27,1712
27,1713
27,1714
27,1715
27,1716
27,1717
27,1718
28,1719
28,1720
28,1721
28,1722
28,1723
28,1724
28,1725
28,1726
28,1727
28,1728
28,1729
28,1730
28,1731
28,1732
29,1052
30,1733
30,1734
30,1735
30,1736
30,1737
30,1738
30,1739
30,1740
30,1741
30,1742
30,1743
30,1744
30,1745
30,1746
30,1747
30,1748
30,1749
30,1750
30,1751
30,1752
30,1753
30,1754
30,1755
30,1756
30,1757
30,1758
30,1759
30,1760
30,1761
30,1762
30,1763
30,1764
30,1765
30,1766
30,1767
30,1768
30,1769
30,1770
30,1771
30,1772
30,1773
30,1774
30,1775
30,1776
30,1777
30,1778
30,1779
30,1780
30,1781
30,1782
30,1783
30,1784
30,1785
31,1786
31,1787
31,1788
31,1789
31,1790
31,1791
31,1792
31,1793
31,1794
31,1795
31,1796
31,1797
31,1798
31,1799
31,1800
31,1801
31,1802
31,1803
31,1804
31,1805
31,1806
31,1807
31,1808
31,1809
31,1810
32,1811
32,1812
32,1813
32,1814
32,1815
32,1816
32,1817
32,1818
32,1819
32,1820
32,1821
32,1822
32,1823
32,1824
32,1825
32,1826
32,1827
32,1828
32,1829
32,1830
32,1831
32,1832
32,1833
32,1834
32,1835
33,1836
33,1837
33,1838
33,1839
33,1840
33,1841
33,1842
33,1843
33,1844
33,1845
33,1846
33,1847
33,1848
33,1849
33,1850
33,1851
33,1852
33,1853
33,1854
34,1855
34,1856
34,1857
34,1858
34,1859
34,1860
34,1861
34,1862
34,1863
34,1864
34,1865
34,1866
35,1867
35,1868
35,1869
35,1870
35,1871
35,1872
35,1873
35,1874
35,1875
35,1876
35,1877
35,1878
35,1879
35,1880
35,1881
35,1882
35,1883
35,1884
35,1885
35,1886
35,1887
35,1888
36,1889
37,1890
37,1891
37,1892
37,1893
37,1894
37,1895
37,1896
37,1897
37,1898
37,1899
37,1900
37,1901
37,1902
37,1903
37,1904
37,1905
37,1906
37,1907
37,1908
37,1909
37,1910
37,1911
37,1912
37,1913
37,1914
37,1915
37,1916
37,1917
37,1918
37,1919
37,1920
37,1921
38,1922
38,1923
38,1924
38,1925
38,1926
38,1927
38,1928
38,1929
38,1930
38,1931
38,1932
38,1933
38,1934
38,1935
38,1936
38,1937
39,1938
39,1939
39,1940
39,1941
39,1942
39,1943
39,1944
39,1945
39,1946
39,1947
39,1948
39,1949
39,1950
39,1951
39,1952
39,1953
39,1954
39,1955
39,1956
39,1957
39,1958
39,1959
39,1960
39,1961
39,1962
40,1963
41,1964
41,1965
41,1966
41,1967
41,1968
41,1969
41,1970
41,1971
41,1972
41,1973
41,1974
41,1975
41,1976
41,1977
41,1978
41,1979
41,1980
41,1981
41,1982
41,1983
41,1984
41,1985
41,1986
41,1987
41,1988
41,1989
41,1990
41,1991
41,1992
41,1993
41,1994
41,1995
41,1996
41,1997
41,1998
41,1999
41,2000
41,2001
41,2002
41,2003
41,2004
41,2005
41,2006
41,2007
41,2008
41,2009
41,2010
41,2011
41,2012
41,2013
41,2014
41,2015
41,2016
41,2017
41,2018
41,2019
41,2020
41,2021
41,2022
41,2023
41,2024
41,2025
41,2026
41,2027
41,2028
41,2029
41,2030
41,2031
42,2032
42,2033
42,2034
42,2035
42,2036
42,2037
42,2038
42,2039
42,2040
43,2041
43,2042
43,2043
43,2044
43,2045
43,2046
43,2047
43,2048
43,2049
43,2050
43,2051
43,2052
43,2053
43,2054
43,2055
43,2056
43,2057
43,2058
44,2059
44,2060
44,2061
44,2062
44,2063
44,2064
44,2065
44,2066
44,2067
44,2068
44,2069
44,2070
44,2071
44,2072
44,2073
44,2074
44,2075
44,2076
44,2077
44,2078
44,2079
44,2080
44,2081
44,2082
44,2083
44,2084
44,2085
44,2086
44,2087
44,2088
44,2089
44,2090
44,2091
44,2092
44,2093
44,2094
44,2095
44,2096
44,2097
44,2098
44,2099
44,2100
44,2101
44,2102
45,2103
45,2104
46,2105
46,2106
46,2107
46,2108
47,2109
47,2110
47,2111
47,2112
47,2113
47,2114
47,2115
47,2116
47,2117
47,2118
47,2119
47,2120
47,2121
47,2122
47,2123
47,2124
47,2125
47,2126
47,2127
47,2128
47,2129
47,2130
47,2131
47,2132
47,2133
47,2134
47,2135
47,2136
48,2137
48,2138
48,2139
48,2140
48,2141
48,2142
48,2143
48,2144
48,2145
48,2146
48,2147
48,2148
48,2149
48,2150
48,2151
48,2152
48,2153
48,2154
48,2155
48,2156
48,2157
48,2158
48,2159
48,2160
48,2161
48,2162
48,2163
48,2164
48,2165
48,2166
48,2167
48,2168
48,2169
48,2170
48,2171
48,2172
48,2173
48,2174
48,2175
48,2176
48,2177
48,2178
48,2179
48,2180
48,2181
48,2182
48,2183
48,2184
48,2185
48,2186
48,2187
48,2188
48,2189
48,2190
48,2191
48,2192
48,2193
48,2194
48,2195
48,2196
48,2197
48,2198
48,2199
48,2200
48,2201
48,2202
48,2203
48,2204
48,2205
48,2206
48,2207
48,2208
48,2209
48,2210
48,2211
48,2212
48,2213
48,2214
48,2215
48,2216
48,2217
48,2218
48,2219
48,2220
48,2221
48,2222
48,2223
48,2224
48,2225
48,2226
48,2227
49,2228
49,2229
49,2230
49,2231
49,2232
49,2233
49,2234
49,2235
49,2236
49,2237
49,2238
49,2239
49,2240
49,2241
49,2242
49,2243
49,2244
49,2245
49,2246
49,2247
49,2248
49,2249
49,2250
49,2251
49,2252
49,2253
49,2254
49,2255
49,2256
49,2257
49,2258
50,2259
50,2260
50,2261
50,2262
50,2263
50,2264
50,2265
50,2266
50,2267
50,2268
50,2269
50,2270
50,2271
50,2272
50,2273
50,2274
50,2275
50,2276
50,2277
50,2278
50,2279
50,2280
50,2281
50,2282
50,2283
50,2284
50,2285
50,2286
50,2287
50,2288
50,2289
50,2290
50,2291
50,2292
50,2293
50,2294
51,2295
51,2296
51,2297
51,2298
51,2299
51,2300
51,2301
51,2302
51,2303
51,2304
51,2305
51,2306
51,2307
51,2308
51,2309
51,2310
51,2311
51,2312
51,2313
51,2314
51,2315
51,2316
51,2317
51,2318
51,2319
51,2320
51,2321
51,2322
51,2323
51,2324
51,2325
51,2326
51,2327
51,2328
51,2329
51,2330
51,2331
51,2332
51,2333
51,2334
51,2335
51,2336
51,2337
51,2338
51,2339
51,2340
51,2341
51,2342
51,2343
51,2344
51,2345
51,2346
51,2347
51,2348
51,2349
51,2350
51,2351
51,2352
51,2353
51,2354
51,2355
51,2356
51,2357
51,2358
51,2359
51,2360
51,2361
51,2362
51,2363
51,2364
51,2365
51,2366
51,2367
51,2368
51,2369
51,2370
51,2371
51,2372
51,2373
51,2374
51,2375
51,2376
51,2377
51,2378
51,2379
51,2380
51,2381
51,2382
51,2383
51,2384
51,2385
51,2386
51,2387
51,2388
51,2389
51,2390
51,2391
51,2392
51,2393
51,2394
51,2395
51,2396
51,2397
51,2398
51,2399
51,2400
51,2401
51,2402
51,2403
51,2404
51,2405
51,2406
51,2407
51,2408
51,2409
51,2410
51,2411
51,2412
51,2413
51,2414
51,2415
51,2416
51,2417
51,2418
51,2419
51,2420
51,2421
51,2422
51,2423
51,2424
51,2425
51,2426
51,2427
51,2428
51,2429
51,2430
51,2431
51,2432
51,2433
51,2434
51,2435
51,2436
51,2437
51,2438
51,2439
51,2440
51,2441
51,2442
51,2443
51,2444
51,2445
51,2446
51,2447
51,2448
51,2449
51,2450
51,2451
51,2452
51,2453
51,2454
51,2455
51,2456
52,2457
52,2458
52,2459
53,2460
53,2461
53,2462
53,2463
53,2464
53,2465
53,2466
53,2467
53,2468
53,2469
53,2470
53,2471
53,2472
53,2473
53,2474
53,2475
53,2476
53,2477
53,2478
53,2479
53,2480
53,2481
53,2482
53,2483
53,2484
53,2485
53,2486
53,2487
53,2488
53,2489
53,2490
53,2491
53,2492
53,2493
53,2494
53,2495
53,2496
53,2497
53,2498
53,2499
53,2500
53,2501
53,2502
53,2503
53,2504
53,2505
53,2506
53,2507
53,2508
53,2509
53,2510
53,2511
53,2512
53,2513
53,2514
53,2515
53,2516
53,2517
53,2518
53,2519
54,2476
54,2484
54,2512
54,2513
54,2468
54,2503
54,2520
54,2475
54,2479
54,2482
54,2492
54,2502
54,2491
54,2494
54,2498
54,2501
54,2466
54,2481
54,2510
54,2516
54,2511
54,2517
54,2488
54,2518
54,2521
54,2514
54,2499
54,2461
54,2464
54,2500
54,2471
54,2473
54,2477
54,2483
54,2487
54,2489
54,2493
54,2495
54,2507
54,2509
54,2460
54,2463
54,2470
54,2515
54,2472
54,2508
54,2490
54,2496
54,2469
54,2474
54,2522
54,2523
54,2465
54,2467
54,2524
54,2505
54,2506
54,2478
54,2485
54,2486
54,2497
54,2525
54,2462
54,2480
54,2519
54,2526
54,2504
53,2525
53,2523
53,2524
53,2522
55,2527
55,2528
55,2529
55,2530
55,2531
55,2532
55,2533
55,2534
55,2535
55,2536
55,2537
55,2538
55,2539
55,2540
55,2541
55,2542
55,2543
55,2544
55,2545
55,2546
55,2547
55,2548
55,2549
55,2550
55,2551
55,2552
55,2553
55,2554
55,2555
55,2556
56,2557
56,2558
56,2559
57,2560
57,2561
57,2562
57,2563
57,2564
57,2565
57,2566
57,2567
57,2568
57,2569
57,2570
57,2571
57,2572
57,2573
57,2574
57,2575
57,2576
57,2577
57,2578
57,2579
57,2580
57,2581
57,2582
57,2583
57,2584
57,2585
57,2586
57,2587
57,2588
57,2589
57,2590
57,2591
57,2592
57,2593
57,2594
57,2595
57,2596
57,2597
57,2598
57,2599
57,2600
58,2601
58,2602
58,2603
58,2604
58,2605
59,2606
59,2607
59,2608
59,2609
59,2610
59,2611
59,2612
60,2613
60,2614
60,2615
60,2616
60,2617
60,2618
60,2619
60,2620
60,2621
60,2622
60,2623
60,2624
60,2625
61,2626
61,2627
61,2628
61,2629
61,2630
61,2631
61,2632
61,2633
61,2634
61,2635
61,2636
61,2637
61,2638
61,2639
61,2640
61,2641
61,2642
61,2643
61,2644
61,2645
61,2646
61,2647
61,2648
61,2649
61,2650
61,2651
61,2652
61,2653
61,2654
61,2655
61,2656
61,2657
61,2658
61,2659
61,2660
61,2661
61,2662
61,2663
61,2664
61,2665
61,2666
61,2667
61,2668
61,2669
61,2670
61,2671
61,2672
61,2673
61,2674
61,2675
61,2676
61,2677
61,2678
61,2679
61,2680
61,2681
61,2682
61,2683
61,2684
61,2685
61,2686
61,2687
61,2688
61,2689
61,2690
61,2691
61,2692
61,2693
61,2694
61,2695
61,2696
61,2697
61,2698
61,2699
61,2700
61,2701
61,2702
61,2703
61,2704
61,2705
61,2706
61,2707
61,2708
61,2709
61,2710
61,2711
61,2712
61,2713
61,2714
61,2715
61,2716
61,2717
61,2718
61,2719
61,2720
61,2721
61,2722
61,2723
61,2724
61,2725
61,2726
61,2727
61,2728
61,2729
62,2730
62,2731
62,2732
62,2733
62,2734
62,2735
62,2736
62,2737
62,2738
62,2739
62,2740
62,2741
62,2742
62,2743
62,2744
62,2745
62,2746
62,2747
62,2748
62,2749
62,2750
62,2751
62,2752
62,2753
62,2754
62,2755
62,2756
62,2757
62,2758
63,2759
63,2760
63,2761
63,2762
63,2763
63,2764
63,2765
63,2766
63,2767
63,2768
63,2769
63,2770
63,2771
63,2772
63,2773
63,2774
63,2775
63,2776
63,2777
63,2778
63,2779
63,2780
63,2781
63,2782
63,2783
63,2784
63,2785
63,2786
63,2787
63,2788
63,2789
63,2790
63,2791
63,2792
63,2793
63,2794
63,2795
64,2796
64,2797
64,2798
64,2799
64,2800
65,2801
65,2802
65,2803
65,2804
65,2805
65,2806
65,2807
65,2808
65,2809
65,2810
65,2811
65,2812
65,2813
65,2814
65,2815
65,2816
65,2817
65,2818
65,2819
65,2820
65,2821
65,2822
65,2823
65,2824
65,2825
65,2826
65,2827
65,2828
65,2829
65,2830
65,2831
65,2832
65,2833
65,2834
65,2835
65,2836
65,2837
65,2838
65,2839
65,2840
65,2841
65,2842
65,2843
65,2844
65,2845
65,2846
65,2847
65,2848
65,2849
65,2850
65,2851
65,2852
65,2853
65,2854
65,2855
65,2856
65,2857
65,2858
65,2859
65,2860
65,2861
65,2862
65,2863
65,2864
65,2865
65,2866
65,2867
65,2868
65,2869
65,2870
65,2871
65,2872
65,2873
66,2874
66,2875
66,2876
66,2877
66,2878
66,2879
66,2880
66,2881
66,2882
66,2883
66,2884
66,2885
66,2886
66,2887
66,2888
66,2889
66,2890
66,2891
66,2892
66,2893
66,2894
66,2895
66,2896
66,2897
66,2898
66,2899
66,2900
66,2901
66,2902
66,2903
66,2904
66,2905
66,2906
66,2907
66,2908
66,2909
66,2910
66,2911
66,2912
66,2913
66,2914
66,2915
66,2916
66,2917
66,2918
66,2919
67,2920
67,2921
67,2922
67,2923
67,2924
67,2925
67,2926
67,2927
67,2928
67,2929
67,2930
67,2931
67,2932
67,2933
67,2934
67,2935
67,2936
67,2937
67,2938
67,2939
67,2940
67,2941
67,2942
67,2943
67,2944
67,2945
67,2946
67,2947
67,2948
67,2949
67,2950
67,2951
67,2952
67,2953
67,2954
67,2955
67,2956
68,2957
68,2958
68,2959
68,2960
68,2961
68,2962
68,2963
68,2964
68,2965
69,2966
69,2967
69,2968
69,2969
69,2970
69,2971
69,2972
69,2973
69,2974
69,2975
69,2976
69,2977
69,2978
69,2979
69,2980
69,2981
69,2982
69,2983
69,2984
69,2985
69,2986
69,2987
69,2988
69,2989
69,2990
69,2991
69,2992
69,2993
69,2994
69,2995
69,2996
69,2997
69,2998
69,2999
69,3000
69,3001
69,3002
69,3003
69,3004
69,3005
69,3006
69,3007
69,3008
69,3009
69,3010
69,3011
69,3012
69,3013
69,3014
69,3015
69,3016
69,3017
70,3018
70,3019
70,3020
70,3021
70,3022
70,3023
70,3024
70,3025
70,3026
70,3027
70,3028
70,3029
70,3030
70,3031
70,3032
70,3033
70,3034
70,3035
70,3036
70,3037
70,3038
70,3039
70,3040
70,3041
70,3042
70,3043
70,3044
70,3045
71,3046
71,3047
71,3048
71,3049
71,3050
71,3051
71,3052
71,3053
71,3054
72,3055
72,3056
72,3057
72,3058
72,3059
72,3060
72,3061
72,3062
72,3063
72,3064
72,3065
72,3066
72,3067
72,3068
72,3069
72,3070
72,3071
72,3072
72,3073
72,3074
72,3075
72,3076
72,3077
72,3078
72,3079
72,3080
72,3081
72,3082
72,3083
72,3084
72,3085
72,3086
72,3087
72,3088
72,3089
72,3090
73,3091
73,3092
73,3093
73,3094
73,3095
73,3096
73,3097
73,3098
73,3099
73,3100
73,3101
73,3102
73,3103
73,3104
73,3105
73,3106
73,3107
73,3108
73,3109
73,3110
73,3111
73,3112
73,3113
73,3114
73,3115
73,3116
73,3117
73,3118
73,3119
73,3120
73,3121
73,3122
73,3123
73,3124
73,3125
73,3126
73,3127
73,3128
73,3129
73,3130
73,3131
73,3132
73,3133
73,3134
73,3135
73,3136
73,3137
73,3138
73,3139
73,3140
73,3141
73,3142
73,3143
73,3144
73,3145
73,3146
73,3147
73,3148
73,3149
73,3150
73,3151
73,3152
73,3153
73,3154
73,3155
73,3156
73,3157
73,3158
73,3159
73,3160
73,3161
73,3162
73,3163
73,3164
74,3165
75,3166
75,3167
75,3168
75,3169
75,3170
75,3171
53,2520
53,2526
76,3172
76,3173
77,3174
77,3175
77,3176
77,3177
77,3178
77,3179
77,3180
77,3181
77,3182
77,3183
77,3184
77,3185
77,3186
77,3187
77,3188
77,3189
77,3190
77,3191
77,3192
77,3193
77,3194
77,3195
77,3196
77,3197
77,3198
77,3199
77,3200
77,3201
77,3202
77,3203
77,3204
77,3205
77,3206
77,3207
77,3208
77,3209
77,3210
78,3211
78,3212
78,3213
78,3214
78,3215
79,3216
79,3217
80,3218
80,3219
80,3220
80,3221
80,3222
80,3223
80,3224
80,3225
80,3226
80,3227
80,3228
80,3229
80,3230
80,3231
80,3232
81,3233
81,3234
81,3235
81,3236
81,3237
81,3238
81,3239
81,3240
81,3241
81,3242
81,3243
82,3244
82,3245
82,3246
82,3247
82,3248
82,3249
82,3250
82,3251
82,3252
82,3253
82,3254
82,3255
82,3256
82,3257
83,3258
83,3259
83,3260
83,3261
83,3262
83,3263
83,3264
84,3265
84,3266
84,3267
84,3268
84,3269
84,3270
84,3271
84,3272
84,3273
84,3274
84,3275
84,3276
84,3277
85,3278
85,3279
85,3280
85,3281
85,3282
85,3283
85,3284
85,3285
85,3286
85,3287
85,3288
85,3289
85,3290
85,3291
85,3292
85,3293
85,3294
85,3295
85,3296
86,3297
86,3298
87,3299
87,3300
88,3301
88,3302
88,3303
88,3304
88,3305
88,3306
88,3307
88,3308
88,3309
88,3310
88,3311
88,3312
88,3313
88,3314
88,3315
88,3316
88,3317
88,3318
88,3319
88,3320
88,3321
88,3322
88,3323
88,3324
88,3325
88,3326
88,3327
88,3328
88,3329
88,3330
88,3331
88,3332
88,3333
88,3334
88,3335
88,3336
88,3337
88,3338
88,3339
88,3340
88,3341
88,3342
88,3343
88,3344
88,3345
88,3346
88,3347
88,3348
88,3349
88,3350
88,3351
88,3352
88,3353
88,3354
88,3355
88,3356
88,3357
88,3358
88,3359
88,3360
88,3361
88,3362
88,3363
89,3364
89,3365
89,3366
89,3367
90,3368
90,3369
90,3370
90,3371
90,3372
90,3373
90,3374
90,3375
90,3376
90,3377
90,3378
90,3379
90,3380
90,3381
90,3382
90,3383
90,3384
90,3385
90,3386
90,3387
91,3388
91,3389
91,3390
91,3391
91,3392
91,3393
91,3394
91,3395
91,3396
91,3397
91,3398
91,3399
91,3400
91,3401
91,3402
91,3403
91,3404
91,3405
91,3406
91,3407
91,3408
91,3409
91,3410
91,3411
91,3412
91,3413
91,3414
91,3415
91,3416
91,3417
91,3418
91,3419
91,3420
91,3421
91,3422
91,3423
91,3424
91,3425
91,3426
91,3427
91,3428
91,3429
91,3430
91,3431
91,3432
91,3433
91,3434
91,3435
91,3436
91,3437
91,3438
91,3439
91,3440
91,3441
91,3442
91,3443
91,3444
91,3445
91,3446
92,3443
92,3447
92,3446
92,3445
92,3444
92,3424
92,3448
92,3425
92,3449
92,3423
92,3426
92,3450
92,3427
92,3429
92,3431
92,3451
92,3435
92,3438
92,3404
92,3434
92,3428
92,3452
92,3440
92,3398
92,3430
92,3453
92,3432
92,3433
92,3454
92,3405
92,3406
92,3393
92,3455
92,3456
92,3457
92,3458
92,3459
92,3460
92,3461
92,3399
92,3414
92,3462
92,3463
92,3464
92,3465
92,3466
92,3467
92,3401
92,3468
92,3420
92,3391
92,3392
92,3469
92,3407
92,3409
92,3413
92,3436
92,3416
92,3417
92,3418
92,3421
92,3408
92,3410
92,3411
92,3441
92,3442
92,3400
92,3415
92,3402
92,3439
92,3419
92,3470
92,3390
92,3403
92,3394
92,3395
92,3389
92,3396
92,3397
92,3422
92,3388
92,3412
92,3437
92,3471
92,3472
93,3473
93,3474
93,3475
93,3476
93,3477
93,3478
93,3479
93,3480
93,3481
93,3482
93,3483
93,3484
93,3485
93,3486
93,3487
93,3488
93,3489
93,3490
93,3491
93,3492
93,3493
93,3494
93,3495
93,3496
93,3497
93,3498
93,3499
93,3500
93,3501
93,3502
93,3503
93,3504
93,3505
93,3506
93,3507
93,3508
93,3509
93,3510
93,3511
93,3512
93,3513
93,3514
93,3515
93,3516
94,3517
94,3518
94,3519
94,3520
94,3521
94,3522
95,3523
95,3524
95,3525
95,3526
95,3527
95,3528
96,3529
96,3530
96,3531
96,3532
96,3533
96,3534
96,3535
96,3536
96,3537
96,3538
96,3539
96,3540
96,3541
96,3542
96,3543
96,3544
96,3545
96,3546
96,3547
96,3548
96,3549
96,3550
96,3551
96,3552
96,3553
96,3554
96,3555
96,3556
96,3557
96,3558
96,3559
96,3560
96,3561
96,3562
96,3563
96,3564
96,3565
96,3566
96,3567
96,3568
96,3569
96,3570
96,3571
96,3572
96,3573
96,3574
96,3575
96,3576
97,3577
97,3578
97,3579
97,3580
97,3581
97,3582
97,3583
97,3584
97,3585
97,3586
97,3587
98,3049
98,3050
98,3052
98,3047
98,3048
98,3051
98,3054
98,3046
98,3053
99,3588
100,3589
100,3590
100,3591
101,3592
101,3593
101,3594
101,3595
101,3596
101,3597
101,3598
101,3599
101,3600
101,3601
101,3602
101,3603
101,3604
101,3605
101,3606
101,3607
101,3608
101,3609
101,3610
101,3611
101,3612
101,3613
101,3614
101,3615
101,3616
101,3617
101,3618
101,3619
101,3620
102,3621
102,3622
103,3623
103,3624
103,3625
103,3626
103,3627
103,3628
103,3629
103,3630
103,3631
103,3632
103,3633
103,3634
103,3635
103,3636
103,3637
103,3638
103,3639
103,3640
103,3641
103,3642
103,3643
103,3644
103,3645
103,3646
103,3647
103,3648
103,3649
103,3650
103,3651
103,3652
103,3653
103,3654
103,3655
103,3656
103,3657
104,3658
105,3659
105,3660
105,3661
105,3662
105,3663
105,3664
105,3665
105,3666
105,3667
105,3668
105,3669
105,3670
105,3671
105,3672
105,3673
105,3674
105,3675
105,3676
105,3677
105,3678
105,3679
105,3680
105,3681
105,3682
105,3683
105,3684
105,3685
105,3686
105,3687
105,3688
105,3689
105,3690
105,3691
105,3692
105,3693
105,3694
105,3695
105,3696
105,3697
105,3698
105,3699
105,3700
105,3701
105,3702
105,3703
105,3704
105,3705
105,3706
105,3707
105,3708
105,3709
105,3710
105,3711
105,3712
105,3713
105,3714
105,3715
105,3716
105,3717
105,3718
105,3719
105,3720
105,3721
105,3722
105,3723
105,3724
105,3725
105,3726
105,3727
105,3728
105,3729
105,3730
105,3731
105,3732
105,3733
105,3734
105,3735
105,3736
105,3737
105,3738
105,3739
106,3740
106,3741
106,3742
106,3743
106,3744
106,3745
106,3746
106,3747
106,3748
106,3749
106,3750
106,3751
106,3752
106,3753
106,3754
107,3755
107,3756
107,3757
107,3758
107,3759
107,3760
107,3761
107,3762
107,3763
107,3764
107,3765
107,3766
107,3767
107,3768
107,3769
107,3770
107,3771
107,3772
108,3773
108,3774
108,3775
108,3776
108,3777
108,3778
108,3779
108,3780
108,3781
108,3782
108,3783
108,3784
109,3785
109,3786
109,3787
109,3788
109,3789
109,3790
109,3791
109,3792
109,3793
109,3794
109,3795
109,3796
109,3797
109,3798
109,3799
109,3800
109,3801
109,3802
109,3803
109,3804
109,3805
109,3806
109,3807
109,3808
110,3809
110,3810
110,3811
110,3812
110,3813
111,3814
112,3815
112,3816
112,3817
112,3818
112,3819
112,3820
112,3821
112,3822
112,3823
112,3824
112,3825
112,3826
112,3827
112,3828
113,3829
113,3830
113,3831
113,3832
113,3833
113,3834
113,3835
113,3836
113,3837
113,3838
113,3839
113,3840
113,3841
114,3842
114,3843
114,3844
114,3845
114,3846
114,3847
114,3848
114,3849
114,3850
114,3851
114,3852
114,3853
114,3854
114,3855
114,3856
114,3857
114,3858
114,3859
114,3860
114,3861
114,3862
114,3863
114,3864
114,1943
115,3865
115,3866
115,3867
115,3868
115,3869
115,3870
116,3871
116,3872
116,3873
116,3874
116,3875
116,3876
116,3877
116,3878
116,3879
116,3880
116,3881
116,3882
116,3883
116,3884
116,3885
116,3886
116,3887
116,3888
116,3889
116,3890
116,3891
116,3892
87,3893
87,3894
87,3895
117,3896
117,3897
117,3898
117,3899
117,3900
117,3901
117,3902
117,3903
117,3904
117,3905
117,3906
117,3907
117,3908
117,3909
117,3910
117,3911
117,3912
117,3913
117,3914
117,3915
117,3916
117,3917
117,3918
117,3919
117,3920
117,3921
118,3922
119,3923
119,3924
119,3925
119,3926
119,3927
119,3928
119,3929
119,3930
120,3931
120,3932
120,3933
120,3934
120,3935
120,3936
120,3937
120,3938
120,3939
120,3940
120,3941
120,3942
120,3943
120,3944
120,3945
120,3946
120,3947
120,3948
120,3949
120,3950
120,3951
120,3952
121,3953
121,3954
121,3955
122,3956
123,3957
124,3958
124,3959
124,3960
124,3961
125,3962
125,3963
125,3964
125,3965
125,3966
126,3967
126,3968
126,3969
126,3970
126,3971
126,3972
126,3973
126,3974
126,3975
126,3976
127,3977
128,3978
128,3979
128,3980
128,3981
128,3982
128,3983
128,3984
128,3985
128,3986
128,3987
128,3988
128,3989
128,3990
128,3991
128,3992
128,3993
128,3994
128,3995
128,3996
128,3997
128,3998
128,3999
128,4000
128,4001
128,4002
128,4003
128,4004
128,4005
128,4006
128,4007
128,4008
128,4009
128,4010
129,4000
129,4001
129,4004
129,4003
130,4011
130,4012
130,4013
130,4014
130,4015
131,4016
132,4017
132,4018
132,4019
132,4020
132,4021
132,4022
132,4023
132,4024
133,4025
134,4026
134,4027
134,4028
134,4029
134,4030
134,4031
134,4032
134,4033
135,4034
136,4035
136,4036
137,4037
137,4038
137,4039
137,4040
